code,metric_name,latest_metric,percentile,price,ma200,trend,vol_gt_vma20,action,updated_at,note
300418.SZ,na,,,,,below,False,Hold – no trade,2026-10-07T17:24:26,ma_err:您的token不对，请确认。;val_err:您的token不对，请确认。
300308.SZ,na,,,,,below,False,Hold – no trade,2026-10-07T17:24:35,ma_err:您的token不对，请确认。;val_err:您的token不对，请确认。
159992.SZ,na,,,,,below,False,Hold – no trade,2026-10-07T17:24:44,ma_err:您的token不对，请确认。;val_err:您的token不对，请确认。
515070.SH,na,,,,,below,False,Hold – no trade,2026-10-07T17:24:53,ma_err:您的token不对，请确认。;val_err:您的token不对，请确认。
515080.SH,na,,,,,below,False,Hold – no trade,2026-10-07T17:25:01,ma_err:您的token不对，请确认。;val_err:您的token不对，请确认。
518880.SH,na,,,,,below,False,Hold – no trade,2026-10-07T17:25:10,ma_err:您的token不对，请确认。;val_err:您的token不对，请确认。
560350.SH,na,,,,,below,False,Hold – no trade,2026-10-07T17:25:18,ma_err:您的token不对，请确认。;val_err:您的token不对，请确认。
588000.SH,na,,,,,below,False,Hold – no trade,2026-10-07T17:25:27,ma_err:您的token不对，请确认。;val_err:您的token不对，请确认。
588790.SH,na,,,,,below,False,Hold – no trade,2026-10-07T17:25:35,ma_err:您的token不对，请确认。;val_err:您的token不对，请确认。
